Respondent ID,Collector ID,Start Date,End Date,IP Address,Email Address,First Name,Last Name,Custom Data 1,"Klauzula zgody na przetwarzanie danych osobowych Zaznaczając 'zgadzam się' wyrażam zgodę na przetwarzanie moich danych osobowych, zgodnie z Ustawą z dnia 10 maja 2018 r. o ochronie danych osobowych oraz Rozporządzeniem Parlamentu Europejskiego i Rady (UE) 2016/679 z dnia 27 kwietnia 2016 r. w sprawie ochrony osób fizycznych w związku z przetwarzaniem danych osobowych i w sprawie swobodnego przepływu takich danych oraz uchylenia dyrektywy 95/46/WE (ogólne rozporządzenie o ochronie danych) w celu przeprowadzenia badań naukowych realizowanych w ramach projektu badawczego ,,Modelowanie rozumowań abdukcyjnych” oraz kontaktu ze mną w związku z moim udziałem w tych badaniach.",Każdy AS jest BASEM.Każdy BAS jest CESEM.Każdy AS jest CESEM.,Wyjaśnij swoją decyzję Eustachemu:,Każde ŁUTKO jest GLARĄ.Każdy TOPEK jest ŁUTKIEM.                      Co najmniej niektóre TOPKI są GLARAMI.,Wyjaśnij swoją decyzję Eustachemu:,Każda WEDA jest KRALEM.Żaden KRAL nie jest CEKRĄ.                            Co najmniej niektóre CEKRY nie są WEDAMI.,Wyjaśnij swoją decyzję Eustachemu:,Każda FAFKA jest REWOREM.Każdy REWOR jest MUGĄ.                        Co najmniej niektóre FAFKI są MUGAMI.,Wyjaśnij swoją decyzję Eustachemu:,Żadna TALA nie jest MATUKIEM.Każde RUTKO jest TALĄ.                                        Co najmniej niektóre RUTKA nie są MATUKAMI.,Wyjaśnij swoją decyzję Eustachemu:,Każdy KUSEK jest CIAMĄ.Co najmniej niektóre FODKI są KUSKAMI.Co najmniej niektóre FODKI są CIAMAMI.,Wyjaśnij swoją decyzję Eustachemu:,Żadna RYFA nie jest FERĄ.Każdy BYNAK jest FERĄ.                                   Co najmniej niektóre BYNAKI nie są RYFAMI.,Wyjaśnij swoją decyzję Eustachemu:,Płeć,,,Wiek,Kierunek studiów,"Poziom studiów, trwających lub ukończonych (np. licencjackie, magisterskie itp.)",Rok studiów (jeśli trwają),Czy uczyłaś/eś się kiedyś logiki formalnej?,,Pytania i uwagi:
,,,,,,,,,Zgadzam się,Response,Open-Ended Response,Response,Open-Ended Response,Response,Open-Ended Response,Response,Open-Ended Response,Response,Open-Ended Response,Response,Open-Ended Response,Response,Open-Ended Response,Kobieta,Mężczyzna,Wolę nie określać,Open-Ended Response,Open-Ended Response,Open-Ended Response,Open-Ended Response,tak,nie,Open-Ended Response
114039729143,420006401,05/27/2022 11:29:33 AM,05/28/2022 01:27:06 PM,109.173.216.133,,,,,Zgadzam się,nie można tego jednoznacznie stwierdzić,bnvbmn ,nie można tego jednoznacznie stwierdzić,ethg,nie można tego jednoznacznie stwierdzić,rfa,nie można tego jednoznacznie stwierdzić, aw,nie można tego jednoznacznie stwierdzić, w,nie można tego jednoznacznie stwierdzić,v sr,nie można tego jednoznacznie stwierdzić, vse,,,,,,,,,,
114040010475,420006401,05/27/2022 06:45:55 PM,05/27/2022 06:46:19 PM,95.160.156.164,,,,,Zgadzam się,,,,,,,,,,,,,,,,,,,,,,,,
114039991385,420006401,05/27/2022 06:18:37 PM,05/27/2022 06:36:03 PM,91.231.25.62,,,,,Zgadzam się,prawda,"AS i BAS to te same zbiory, więc skoro BASY są CESAMI, to ASY też",prawda,"ŁUTKA i TOPKI należą do tego samego zbioru, więc co najmniej niektóre TOPKI będą GLARAMI (a nawet wszystkie)",prawda,"WEDY i KRALE to te same zbiory. Skoro KRALE nie są CEKRAMI, to żadne CEKRY nie będą WEDAMI",prawda,"Każdy człowiek jest małpą, każda małpa jest istotą, więc co najmniej niektórzy ludzie są istotami",prawda,"Żaden człowiek nie jest rybą, każdy rekin jest rybą, co najmniej niektóre rekiny nie są ludźmi",prawda,"Każdy ssak jest istotą, co najmniej niektórzy ludzie są ssakami, co najmniej niektórzy ludzie są istotami - prawda",prawda,"Żaden człowiek nie jest rybą, każdy rekin jest rybą, co najmniej niektóre rekiny nie są ludźmi ",,Mężczyzna,,22,ekonomia,licencjackie,3,,nie,
114036486137,420006401,05/23/2022 09:50:13 PM,05/23/2022 10:22:29 PM,85.221.147.8,,,,,Zgadzam się,prawda,"Ustalmy, że AS to człowiek, BAS to ssak a CES to kręgowiec. Jeśli każdy człowiek jest ssakiem, a każdy ssak jest kręgowcem, to każdy człowiek jest kręgowcem. ",prawda,"Dla ułatwienia rozumowania: GLARA = Kręgowiec, ŁUTKO = ssak, TOPEK = człowiek. Skoro każdy ssak jest kręgowcem, a każdy człowiek jest ssakiem to wiadomo, że Co najmniej niektórzy ludzie są kręgowcami. (wiadomo, że wszysy są, ale według wcześniej podanych informacji ""co najmniej"" należy traktować, że co najmniej niektóre a może wszystkie, wiec jest to prawda. ",prawda,"WEDA = człowiek, Kral = ssak, Cekra = płaz  Każdy człowiek jest ssakiem, żaden ssak nie jest płazem. Co najmniej niektóre płazy nie są ludźmi. Żadne płazy nie są ludźmi ale według wcześniejszej definicji, możemy uznać, że zdanie jest prawdziwe, nawet jeśli żadne płazy nie są ludźmi. ",prawda,"Fafka = człowiek; rewor = ssak; muga = kręgowiec.   Każdy człowiek jest ssakiem, każdy ssak jest kręgowcem. Co najmniej niektórzy ludzie są kręgowcami. Wszyscy ludzie są kręgowcami, ale według wcześniejszej definicji, co najmniej niektórzy mogą znaczyć wszyscy, więc to zdanie jest prawdziwe. ",fałsz,"Tala = ssak ; matuk = płaz; rutko = człowiek   Żaden ssak nie jest płazem, każdy człowiek jest ssakiem. Co najmniej niektórzy ludzie są płazami. Żadni ludzie nie są płazami - fałsz. ",nie można tego jednoznacznie stwierdzić,"Ciama = ssak; kusek = człowiek; fodek - miły   Każdy człowiek jest ssakiem, co najmniej niektórzy mili są ludźmi. Czy co najmniej niektórzy mili są ssakami? Nie można tego jednoznacznie stwierdzić, ponieważ wiadomo tylko, że na pewno jacyś mili są ludźmi, ale mogą być inni mili, którzy nimi nie są, a skoro istnieliby mili którzy nie są ludźmi to mogliby też nie być ssakami (tylko np płazami) :)",prawda,"Ryfa = płaz; Fera = ssak; bynak = człowiek.   Żaden płaz nie jest ssakiem, każdy człowiek jest ssakiem. Co najmniej niektórzy ludzie nie są płazami to prawda, ponieważ żadni ludzie nie są płazami, a skoro conajmniej niektórzy to może znaczyć wszyscy to zdanie jest prawdziwe.  ",Kobieta,,,21,filologia hiszpańska,licencjackie,1,,nie,"Bardzo fajny test, polecę znajomym. Miłego dnia i smacznej kawusi. Pozdro"
114035511674,420006401,05/22/2022 09:52:13 AM,05/22/2022 10:24:41 AM,77.254.195.100,,,,,Zgadzam się,prawda,"Zawsze AS = BAS  i zawsze BAS = CES,  to znaczy, że  AS zawsze = CES",prawda,"Jeśli każdy TOPEK jest ŁUTKIEM, oznacza to, że TOPEK i ŁUPEK to w rzeczywistości to samo. To znaczy, że skoro każde ŁUTKO jest GLARĄ, to można również powiedzieć, że każdy TOPEK jest GLARĄ. Czyli, co najmniej niektóre TOPKI są GLARAMI, ponieważ wszystkie są GLARAMI. (TOPEK = ŁUTO = GLARA)",prawda,"Żadna CEKRA nie jest WEDĄ, ponieważ jeśli zmienimy kolejność wyrazów w zdaniu, żadna CEKRA nie jest KRALEM. Także jeśli do tego wiemy, że każda WEDA jest KRALEM, to z tych zasad wynika, że CEKRA nigdy nie może być WEDĄ. (zawsze WEDA = KRAL, i nigdy CEKRA = KRAL, czyli WEDA =/= CEKRA)",prawda,"Jeśli każda FAFKA jest REWOREM, i każdy REWOR jest MUGĄ, to znaczy, że wszystkie FAFKI są również MUGAMI   (FAFKA = REWOR = MUGA, czyli FAFKA = MUGA)",prawda,"Jeśli RUTKO zawsze jest TALĄ, a TALA nigdy nie jest MATUKIEM, to RUTKO nigdy nie może być MATUKIEM.   (RUTKO = TALA, TALA =/= MATUK ---> RUTKO =/= MATUK)",prawda,"Jeśli jakiekolwiek FODKI są KUSKAMI, a KUSKI zawsze są CIAMAMI, to wszystkie z tych FODKÓW również będą CIAMAMI.  ",prawda,"BYNAKI nigdy nie są RYFAMI, ponieważ BYNAKI zawsze są FERAMI, a RYFY nigdy nie są FERAMI. (BYNAK = FERA,   RYFA =/= FERA ---> RYFA =/= BYNAK)",Kobieta,,,20 lat,Filologia włoska,Licencjackie,1,,nie,
114034873057,420006401,05/20/2022 08:12:31 PM,05/20/2022 08:12:59 PM,188.146.46.35,,,,,Zgadzam się,,,,,,,,,,,,,,,,,,,,,,,,
114034653160,420006401,05/20/2022 03:48:55 PM,05/20/2022 03:49:13 PM,83.8.26.246,,,,,Zgadzam się,,,,,,,,,,,,,,,,,,,,,,,,
114034076772,420006401,05/19/2022 08:49:43 PM,05/19/2022 09:26:06 PM,90.156.8.228,,,,,Zgadzam się,prawda,"Ze względu na to, że każdy as jest basem, a bas cesem, możemy postawić równoważność znaczeniową tych trzech elementów w tym zbiorze.",nie można tego jednoznacznie stwierdzić,"Dla prostego równania byłaby to prawda:  a=b  a=c, czyli  b=c  Ale jeśli stworzymy systematyzację, w której do zbioru zalicza się elementy mające np. cechy wspólne, to dla:  ABC=CDE - element wspólny C  ABC=BFG - element wspólny B  CDE nie będzie równe BFG, bo nie mają części wspólnych, które by je łączyły",nie można tego jednoznacznie stwierdzić,"Mając na uwadze sposób argumentacji z poprzedniego zadania:  ABC jest równe CDE  ABC NIE jest równe (rozważymy dwa przypadki - tyle wystarczy) DEF albo XYZ  a) CDE=DEF  b)CDE nie jest równe XYZ  Zbiór może zawierać zarówno elementy, które byłyby równe, jak i tylko i wyłącznie różne. Dlatego na podstawie tego równania, BEZ odpowiednich danych wejściowych, nie jesteśmy w stanie ocenić prawdziwości 3 twierdzenia    ",nie można tego jednoznacznie stwierdzić,Identyczny sposób rozumowania do tego z poprzedniego zadania.,nie można tego jednoznacznie stwierdzić,Identyczny tok rozumowania do tego z poprzedniego zadania (równanie matematyczne),,,,,,,,,,,,,,
114033612850,420006401,05/19/2022 10:51:34 AM,05/19/2022 02:57:05 PM,83.23.222.36,,,,,Zgadzam się,prawda,"Jeśli każdy AS to BAS i jednocześnie każdy BAS to CES, to każdy AS to CES",prawda,"Narysujmy sobie Łutka po lewej jako grupę A, Glary jako grupę B po prawej i je połączmy. Łutka są Glarami. Dalej musimy obok Łutek (albo na Łutkach) narysować grupę Topków i widzimy, że nie jesteśmy pewni czy Glary zazębiają się w pełni z Topkami i wtedy wiemy, że conajmniej część z nich (Topków jest Glarami).",prawda,"Tutaj rządzi ta sama zasada co w poprzednim zadaniu z taką różnicą, że musimy odwrócić pewne rzeczy; użyć słowa nie, czyli puste dziedziny. ",prawda,"Załóżmy, że fafki są kwiatami, a rewor oznacza roślinę. Każdy kwiat jest rośliną. Załóżmy, że muga oznacza florę. Każda roślina jest częścią flory. I prawdą jest, że conajmniej niektóre kwiaty są florą, a być może wszystkie. ""Conajmniej"" jest tutaj kluczowym słowem.",prawda,"Załóżmy, że Tala jest rybą, a Matuk ptakiem. Żadna ryba nie jest ptakiem. Rutko jest rekinem. Każdy rekin jest rybą. I w tym wypadku zdanie ""co najmniej niektóre rekiny nie są ptakami"" jest prawdziwe, ponieważ conajmniej, a nawet żaden rekin nie jest ptakiem.",prawda,"Wyobraźmy sobie, że każdą Kuskę można nazwać Ciamą, i conajmniej niektóre, a być może wszystkie Fodki można nazwać Kuskami, wtedy, jesli zalożymy, że Kusek jest Ciamą i Fodek jest Kuskiem, to conajmniej niektóre Fodki, a być może wszystkie są Ciamami, według logicznego ciągu.",prawda,Można przełożyć to na język fauny: żadna mucha nie jest rybą   Każdy wieloryb jest rybą.  Conajmniej niektóre (czyli byc moze wszystkie) wieloryby nie są muchami. ,Kobieta,,,21 lat,Filologia ukraińska z filologią angielską,Trwające licencjackie ,2,,nie,
114033559148,420006401,05/19/2022 08:50:37 AM,05/19/2022 08:52:23 AM,109.173.218.252,,,,,Zgadzam się,,,,,,,,,,,,,,,,,,,,,,,,
114032859927,420006401,05/18/2022 02:58:42 PM,05/18/2022 11:24:14 PM,185.81.57.196,,,,,Zgadzam się,prawda,"Pewien przedmiot ma właściwość, na przykład jest okrągły (jest basem). A każdy okrągły przedmiot (każdy bas) ma inną właściwość, na przykład jest nie ma ostrych krawędzi (jest cesem). Tak więc każdy okrągły przedmiot nie ma ostrych krawędzi. a że ustaliliśmy że przedmiot o którym mowa jest okrągły to też nie może mieć ostrych krawędzi. ",,,,,,,,,,,,,,,,,,,,,,
114033170378,420006401,05/18/2022 08:54:20 PM,05/18/2022 09:11:47 PM,85.221.141.94,,,,,Zgadzam się,prawda,"Jeśli AS jest BASEM, a każdy BAS jest CESEM to AS musi być CESEM",fałsz,Wszystkie topki są glarami ,fałsz,Żadna CEKRA nie jest WEDĄ,fałsz,Każda FAFKA jest MUGĄ,fałsz,"Nie tylko niektóre, ale wszystkie RUTKA nie są MATUKAMI",prawda,"Może i nie wszystkie FODKI są KUSKAMI, ale te które są też są CIAMAMI",fałsz,Wszystkie BYNAKI nie są RYFAMI,,Mężczyzna,,24,Chemia Materiałowa,magisterskie,5,,nie,
114033144952,420006401,05/18/2022 08:22:53 PM,05/18/2022 08:23:33 PM,95.108.45.144,,,,,Zgadzam się,,,,,,,,,,,,,,,,,,,,,,,,
114032758149,420006401,05/18/2022 12:14:18 PM,05/18/2022 12:14:31 PM,89.64.14.137,,,,,Zgadzam się,,,,,,,,,,,,,,,,,,,,,,,,
114032757978,420006401,05/18/2022 12:13:59 PM,05/18/2022 12:14:20 PM,31.60.72.228,,,,,Zgadzam się,,,,,,,,,,,,,,,,,,,,,,,,
114032704916,420006401,05/18/2022 10:34:37 AM,05/18/2022 10:35:43 AM,83.11.134.196,,,,,Zgadzam się,,,,,,,,,,,,,,,,,,,,,,,,
114032693179,420006401,05/18/2022 10:11:50 AM,05/18/2022 10:12:43 AM,5.173.241.39,,,,,Zgadzam się,,,,,,,,,,,,,,,,,,,,,,,,
114032330062,420006401,05/17/2022 09:47:32 PM,05/17/2022 09:47:47 PM,77.222.237.115,,,,,Zgadzam się,,,,,,,,,,,,,,,,,,,,,,,,
114032329784,420006401,05/17/2022 09:47:07 PM,05/17/2022 09:47:28 PM,89.204.139.191,,,,,Zgadzam się,,,,,,,,,,,,,,,,,,,,,,,,
114032296360,420006401,05/17/2022 08:57:14 PM,05/17/2022 09:11:21 PM,37.47.166.49,,,,,Zgadzam się,nie można tego jednoznacznie stwierdzić,"Nie można tego stwierdzić, ponieważ nie ma informacji, że nie można być i BASEM i CESEM. ",prawda,"Ponieważ każdy TOPEK jest ŁUTKIEM, a każdy ŁUTEK jest GLARĄ, każdy TOPEK musi być GLARĄ.",nie można tego jednoznacznie stwierdzić,"Jeżeli każda WEDA jest KRALEM, a żaden KRAL nie jest CEKRĄ, żadna WEDA nie jest CEKRĄ. Tak więc prawdą jest, że co najmniej niektóre WEDY nie są CEKRAMI. Jednakże pytanie pyta o odwrotną zależność, zatem brak jest wystarczających informacji do stwierdzenia prawdy lub fałszu.",prawda,"Każda FAFKA jest REWOREM, a każdy REWOR jest MUGĄ, a więc każda FAFKA jest MUGĄ.",prawda,"Każde RUTKO jest TALĄ, ale żadna TALA nie jest MATUKIEM, więc żadne RUTKO nie jest MATUKIEM.       ",prawda,"Co najmniej niektóre FODKI są KUSKAMI, a każdy KUSEK jest CIAMĄ, a więc co najmniej niektóre FODKI są CIAMAMI",prawda,"Jeżeli RYFA nie może być FERĄ, a BYNAK zawsze nią jest, nie można być jednocześnie RYFĄ i FERĄ",Kobieta,,,24,filologie regionów unikatowych na neofilologii (dla anonimowości nie podam jaka),"licencjackie (w pytaniu niżej miałam wpisać ""5 rok ogółem na uczelni, 1 rok obecnych studiów"" ale mi nie pozwoliło)",1,tak,,"Jedną uwagę już wpisałam w metryczce ;)   Czas rozwiązania ankiety mocno przeceniony, zajęło mi to 10 minut, może nawet mniej."
114032112470,420006401,05/17/2022 05:03:10 PM,05/17/2022 05:04:33 PM,37.30.18.73,,,,,Zgadzam się,,,,,,,,,,,,,,,,,,,,,,,,
114032047567,420006401,05/17/2022 03:45:11 PM,05/17/2022 03:45:50 PM,46.187.207.95,,,,,Zgadzam się,,,,,,,,,,,,,,,,,,,,,,,,
114032000401,420006401,05/17/2022 02:43:22 PM,05/17/2022 02:46:34 PM,5.133.249.215,,,,,Zgadzam się,fałsz,Nie może byc cesem skoro bas nim jest,,,,,,,,,,,,,,,,,,,,,,
114031989488,420006401,05/17/2022 02:27:51 PM,05/17/2022 02:28:34 PM,84.185.97.118,,,,,Zgadzam się,,,,,,,,,,,,,,,,,,,,,,,,
114031973817,420006401,05/17/2022 02:06:20 PM,05/17/2022 02:06:57 PM,46.187.207.95,,,,,Zgadzam się,prawda,Bo tqk ,,,,,,,,,,,,,,,,,,,,,,
114031933474,420006401,05/17/2022 12:54:54 PM,05/17/2022 12:55:08 PM,85.221.131.138,,,,,Zgadzam się,,,,,,,,,,,,,,,,,,,,,,,,
114031897435,420006401,05/17/2022 11:36:22 AM,05/17/2022 12:03:08 PM,85.221.159.84,,,,,Zgadzam się,prawda,"Skoro każdy obiekt A jest obiektem B, a każdy obiekt B jest obiektem C to możemy pominąć obiekt B i stwierdzić, że każdy obiekt A jest obiektem C, A=C=B",prawda,"Skoro każdy obiekt Ł jest obiektem G, a każdy obiekt T jest obiektem Ł, to znaczy, że każdy obiekt T jest obiektem G, Ł=G=T, zatem co najmniej niektóre obiekty T są obiektami G, a ściślej mówiąc, wszystkie T są G.",fałsz,"Skoro każdy obiekt W jest obiektem K, a żaden K nie jest obiektem C, to żaden obiekt W oraz żaden obiekt K nie jest obiektem C. Żaden obiekt C nie jest obiektem W.",prawda,"Każdy obiekt F = obiekt R, każdy R = M, zatem F=R=M, każdy F = M",fałsz,"T=/=M, R=T, żaden R nie jest M",prawda,"K=C  niektóre F są K  czyli tak, co najmniej jeden F jest C, bo część F jest K, które są C.",fałsz,"R=/=F  każdy B=F  Nie, żaden B który jest F, nie jest R",,Mężczyzna,,21,Filologia rosyjska z filologią angielską,licencjat,1,,nie,"trochę za dużo tłumaczenia Eustachemu, w sensie monotonne jest powtarzanie w kółko tego samego, więc po prostu zacząłem pisać jakby nie do Eustachego, tzn zbyt ogólnikowo"
114031433660,420006401,05/16/2022 08:24:51 PM,05/16/2022 09:04:05 PM,109.173.211.190,,,,,Zgadzam się,prawda,"Każdy bas jest asem, więc zasada że każdy bas jest cesem dotyczy również asów. Asy=basy=cesy.",prawda,"ŁUTKI=GLARY i TOPKI=ŁUTKI, więc co najmniej niektóre TOPKI=GLARY.",prawda,"CEKRA nie może być WEDĄ, bo WEDY są KRALAMI, a żaden KRAL nie jest CEKRĄ.",prawda,"FAFKI są REWOREM, REWORY są MUGAMI, więc FAFKI też są MUGAMI.",prawda,"Skoro RUTKA są TALAMI, a TALE nie są MATUKIEM, to RUTKA nie są MATUKAMI.",prawda,"Niektóre FODKI to KUSKI, a KUSKI to CIAMY. Więc te FODKI które są KUSKAMI są też CIAMAMI.",prawda,"BYNAKI to FERY, FERY nie mogą być RYFAMI. Dlatego co najmniej niektóre BYNAKI nie są RYFAMI.",Kobieta,,,19,Etnolingwistyka,Licencjackie,1,,nie,Gdzie będzie można zobaczyć wyniki badań? Czy będą podane poprawne odpowiedzi?
114031444565,420006401,05/16/2022 08:36:41 PM,05/16/2022 08:37:04 PM,109.173.148.89,,,,,Zgadzam się,,,,,,,,,,,,,,,,,,,,,,,,
114031396957,420006401,05/16/2022 07:50:02 PM,05/16/2022 07:50:34 PM,31.0.92.172,,,,,Zgadzam się,,,,,,,,,,,,,,,,,,,,,,,,
114031363743,420006401,05/16/2022 07:19:35 PM,05/16/2022 07:20:18 PM,83.23.229.161,,,,,Zgadzam się,,,,,,,,,,,,,,,,,,,,,,,,
114031063170,420006401,05/16/2022 01:20:34 PM,05/16/2022 03:21:29 PM,46.187.196.35,,,,,Zgadzam się,,,,,,,,,,,,,,,,,,,,,,,,
114031113720,420006401,05/16/2022 02:57:34 PM,05/16/2022 02:58:46 PM,37.47.149.216,,,,,Zgadzam się,,,,,,,,,,,,,,,,,,,,,,,,
114031082409,420006401,05/16/2022 02:01:05 PM,05/16/2022 02:07:13 PM,188.47.106.227,,,,,Zgadzam się,,,,,,,,,,,,,,,,,,,,,,,,
114031073735,420006401,05/16/2022 01:50:31 PM,05/16/2022 01:51:17 PM,188.33.232.46,,,,,Zgadzam się,,,,,,,,,,,,,,,,,,,,,,,,
114031058873,420006401,05/16/2022 01:19:03 PM,05/16/2022 01:19:18 PM,37.248.214.131,,,,,Zgadzam się,,,,,,,,,,,,,,,,,,,,,,,,
114031055926,420006401,05/16/2022 01:12:33 PM,05/16/2022 01:12:48 PM,37.247.61.205,,,,,Zgadzam się,,,,,,,,,,,,,,,,,,,,,,,,
114031013386,420006401,05/16/2022 11:25:56 AM,05/16/2022 11:26:27 AM,150.254.103.90,,,,,Zgadzam się,,,,,,,,,,,,,,,,,,,,,,,,
114030645234,420006401,05/15/2022 12:03:06 PM,05/15/2022 12:03:34 PM,83.31.102.201,,,,,Zgadzam się,,,,,,,,,,,,,,,,,,,,,,,,
114029950420,420006401,05/13/2022 08:13:34 PM,05/13/2022 09:03:15 PM,89.64.84.204,,,,,Zgadzam się,prawda,"Istnieją ASy. Wyobraź sobie jednego z nich. Może nosić twoje imię. Wiemy, że Eustachy jest ASem, tak jak ty człowiekiem. Wiemy, że też każdy AS jest BASEM. Pomyśl więc, że skoro Eustachy jest Asem, to musi być i Basem, bo każdy AS jest BASEM, tak jak każdy człowiek jest zwierzęciem. Mamy więc tego Eustechego ASa i jedczośnie BASEMego, tak jak ty jesteś człowiekiem i zwierzęciem. Teraz wyobraź sobie, że oprócz tego każdy BASEM musi być CESEM. Zatem, Eustachy będący BASEM jest też CESEM, tak jak każde zwierzę jest organizmem. Ostatecznie, Eustachy będąc ASem jest też BASEM, a będac BASEM, jest też CESEM",prawda,"Wyobraź sobie, drogi Eustachy, że jest drzewo, które jest dziwnego gatunku TOPKÓW. Wiemy, że każdy TOPEK jest ŁUTKIEM. Wyobraź sobie, że ŁUTKI to są wszystkie drzewa  w tym lesie, lesie ŁUTEKów. Wiedząc, że jedynie TOPKi rosną w lesie ŁUTEków i nigdzie inndziej, na pewną stwierdzisz, że TOPEK musi być drzewem rosnącym w lesie ŁUTEków, czyli ŁUTEKiem. Wyobraź sobie następnie, że ŁUTEK jest GLARĄ. Niech GLARA będzie każdym drzewem w danym kraju, np. w POLSCE. Jeśli wiesz, że las ŁUTKÓW znajduje się w POLSCE, czyli jest GLARĄ, drzewem rosnącym w POLSCE, bo każde ŁUTKO jest GLARĄ. Teraz sobie przypomnij drzewo, które na początku okazało się być TOPKIEM. Wiesz, że jest ŁUTKIEM, bo rośnie tylko w tym lesie ŁUTKÓW. Teraz wiesz, że jest GLARĄ, bo las ŁUTKÓW jest w Polsce. Wiesz więc, że każdy TOPEK musi być GLARĄ, bo rosną one tylko w tym jednym lesie, który jest w dodatku w POLSCE. Tym bardziej skoro wszystkie TOPKI są GLARAMI, to co najmniej niektóre są GLARAMI.",nie można tego jednoznacznie stwierdzić,"Nie wiem, jak zinterpretować podwójne zaprzeczenie Eustachy, zawsze miałem z tym problemy",prawda,"Skoro wyobraź sobie FAFKĘ jako koło. Jest to koło w aucie, zwanym REWOREM, bo wiemy, że każda taka FAFKA jest w aucie tego typu. Wiesz Eustachy, że każdy REWOR jest marki MUGA, jak każdy PASSAT jest marki VOLKSWAGEN. Wiemy więc, każda taka opana FAFKA, która jest tylko PASSACIE, musi z konieczności być VOLKSWAGENEM. Tym bardziej co najmniej niektóre, na przykład ta, którą sobie wyobraziłeś na początku.",nie można tego jednoznacznie stwierdzić,Po raz kolejny podwójne przeczenie a język polski ,prawda,"Wyobraź sobie, że masz idziesz na wybory. Masz do wyboru, wielu polityków, których możesz wybrać. W tym świecie zwią się FODKAMI. Wiesz, że niektórzy z nich są KUSKAMI, czyli w naszym świecie - złodziejami. Ponadto wiadomo powszechnie, że każdy złodziej to przestępca (CIAMAMI). Wniosek jest taki, że mając informacje, że niektórzy politycy na liście wyborczej to złodzieje, to niektórzy politycy na liście wyborczej są przestępcami, czyli w przykładzie co najmniej niektóre FODKI są CIAMAMI",nie można tego jednoznacznie stwierdzić,Nie wiem,,Mężczyzna,,21,Ekonometria,licencjackie,2,,nie,
114026819891,420006401,05/10/2022 09:30:11 AM,05/10/2022 09:30:28 AM,89.64.123.195,,,,,Zgadzam się,,,,,,,,,,,,,,,,,,,,,,,,
114025754328,420006401,05/08/2022 06:05:24 PM,05/08/2022 06:05:39 PM,89.64.104.77,,,,,Zgadzam się,,,,,,,,,,,,,,,,,,,,,,,,
114025745760,420006401,05/08/2022 05:25:44 PM,05/08/2022 05:26:11 PM,94.254.224.34,,,,,Zgadzam się,,,,,,,,,,,,,,,,,,,,,,,,
114025743974,420006401,05/08/2022 05:18:13 PM,05/08/2022 05:18:45 PM,89.68.6.170,,,,,Zgadzam się,,,,,,,,,,,,,,,,,,,,,,,,
114025732871,420006401,05/08/2022 04:32:09 PM,05/08/2022 04:32:28 PM,83.142.180.134,,,,,Zgadzam się,,,,,,,,,,,,,,,,,,,,,,,,
114025724447,420006401,05/08/2022 03:57:45 PM,05/08/2022 04:30:52 PM,79.184.189.61,,,,,Zgadzam się,prawda,"Skoro każdy AS jest BASEM, a każdy BAS jest CESEM to każdy AS również musi być CESEM. Np. jakby to przetłumaczyć zakładając że - skoro każda kobieta jest Polką, a każda Polka jest człowiekiem to znaczy że każda kobieta jest człowiekiem.",prawda,"Skoro każdy topek jest łutkiem, a każde łutko glarą, to każdy topek ui być glarą, a więc co najmniej niektóre topki są glarami, a nawet wszystkie. Np. Skoro kazdy  wróbel jest ptakiem, a każdy ptak jest kręgowcem, to co najmniej niektóre wróble są kręgowcami, a nawet wszystkie.",,,,,,,,,,,,,,,,,,,,
114025730448,420006401,05/08/2022 04:22:27 PM,05/08/2022 04:22:45 PM,89.64.126.2,,,,,Zgadzam się,,,,,,,,,,,,,,,,,,,,,,,,
114025727827,420006401,05/08/2022 04:11:48 PM,05/08/2022 04:13:33 PM,37.47.208.35,,,,,Zgadzam się,nie można tego jednoznacznie stwierdzić,Ska ,,,,,,,,,,,,,,,,,,,,,,
114023872272,420006401,05/05/2022 12:31:55 PM,05/05/2022 12:32:56 PM,178.37.191.190,,,,,Zgadzam się,,,,,,,,,,,,,,,,,,,,,,,,
114020095791,420006401,04/29/2022 10:26:52 AM,05/02/2022 05:10:58 PM,85.221.129.10,,,,,Zgadzam się,,,,,,,,,,,,,,,,,,,,,,,,
114020243933,420006401,04/29/2022 03:00:04 PM,04/29/2022 03:01:03 PM,83.4.29.89,,,,,Zgadzam się,,,,,,,,,,,,,,,,,,,,,,,,
114019374984,420006401,04/28/2022 03:37:53 PM,04/28/2022 04:00:18 PM,213.134.191.225,,,,,Zgadzam się,prawda,"Skoro AS = BAS, a BAS = CES, tzn. AS=BAS=CES.",prawda,"Łutko = Glara, a Topek = Łutko. Zatem Topek=Łutko=Glara. ",prawda,"Weda = Kral, Kral=/= Cekra. Wynika z tego że Kral można uznać za rodzaj do którego należy gatunek Weda, natomiast Cekra istnieje oddzielnie. [Kral(Weda)] + Cekra.",prawda,"Jeżeli Fafka = Rewor a Rewor = Muga, to Fafka=Rewor=Muga.",prawda,"[Tala(Rutko)] + Matuk. Sytuacja analogiczna do Krali, Wed i Cekr.",prawda,"Kusek = Ciama, >=1 Fodek = Kusek, zatem ten 1 lub więcej Fodek który jest Kuskiem jest jednocześnie Ciamą.",prawda,"Ryfa =/= Fera, Bynak = Fera. Bynaki należące do Fer istnieją oddzielnie od Ryf, gdyż nie moga należeć jednocześnie do Ryf i Fer które się wzajemnie wykluczają.",,Mężczyzna,,23,lekarski,magisterskie,4,,nie,
114016039296,420006401,04/23/2022 11:30:01 AM,04/23/2022 11:30:33 AM,37.248.175.181,,,,,Zgadzam się,,,,,,,,,,,,,,,,,,,,,,,,
114015435963,420006401,04/22/2022 10:43:40 AM,04/22/2022 10:45:07 AM,89.64.97.218,,,,,Zgadzam się,,,,,,,,,,,,,,,,,,,,,,,,
114015164437,420006401,04/21/2022 10:29:06 PM,04/21/2022 10:29:23 PM,80.94.31.160,,,,,Zgadzam się,,,,,,,,,,,,,,,,,,,,,,,,
114011286180,420006401,04/14/2022 11:14:07 AM,04/14/2022 11:16:26 AM,77.65.166.232,,,,,Zgadzam się,,,,,,,,,,,,,,,,,,,,,,,,
114011095386,420006401,04/14/2022 12:49:56 AM,04/14/2022 12:50:34 AM,89.64.69.197,,,,,Zgadzam się,,,,,,,,,,,,,,,,,,,,,,,,
114011079904,420006401,04/14/2022 12:08:51 AM,04/14/2022 12:09:12 AM,31.61.245.22,,,,,Zgadzam się,,,,,,,,,,,,,,,,,,,,,,,,
114011065279,420006401,04/13/2022 11:35:39 PM,04/13/2022 11:35:53 PM,88.156.143.51,,,,,Zgadzam się,,,,,,,,,,,,,,,,,,,,,,,,
114011064589,420006401,04/13/2022 11:33:58 PM,04/13/2022 11:35:06 PM,94.172.234.182,,,,,Zgadzam się,,,,,,,,,,,,,,,,,,,,,,,,
114011064316,420006401,04/13/2022 11:33:31 PM,04/13/2022 11:34:22 PM,31.0.124.199,,,,,Zgadzam się,,,,,,,,,,,,,,,,,,,,,,,,
114010990628,420006401,04/13/2022 09:18:27 PM,04/13/2022 09:18:53 PM,188.147.98.210,,,,,Zgadzam się,,,,,,,,,,,,,,,,,,,,,,,,
114010786326,420006401,04/13/2022 03:49:36 PM,04/13/2022 03:49:54 PM,188.33.248.163,,,,,Zgadzam się,,,,,,,,,,,,,,,,,,,,,,,,
114009153999,420006401,04/10/2022 12:44:57 PM,04/10/2022 01:07:26 PM,95.51.244.245,,,,,Zgadzam się,prawda,"jeśli as i bas to to samo, oraz bas i ces to to samo, to as będzie także cesem ",,,,,,,,,,,,,,,,,,,,,,
114007185721,420006401,04/06/2022 04:43:10 PM,04/06/2022 04:43:33 PM,83.8.12.41,,,,,Zgadzam się,,,,,,,,,,,,,,,,,,,,,,,,
114001497312,420006401,03/24/2022 08:24:13 PM,03/24/2022 08:26:45 PM,188.47.106.136,,,,,Zgadzam się,fałsz,m,nie można tego jednoznacznie stwierdzić,mvm,prawda,nvm,nie można tego jednoznacznie stwierdzić,gkkj,fałsz,gm,nie można tego jednoznacznie stwierdzić,b,prawda,mv,Kobieta,,,67,,,,,nie,
114000047608,420006401,03/18/2022 12:34:59 PM,03/18/2022 12:35:15 PM,83.8.28.192,,,,,Zgadzam się,,,,,,,,,,,,,,,,,,,,,,,,
