"Respondent ID","Collector ID","Start Date","End Date","IP Address","Email Address","First Name","Last Name","Custom Data 1","Klauzula zgody na przetwarzanie danych osobowych Zaznaczając 'zgadzam się' wyrażam zgodę na przetwarzanie moich danych osobowych, zgodnie z Ustawą z dnia 10 maja 2018 r. o ochronie danych osobowych oraz Rozporządzeniem Parlamentu Europejskiego i Rady (UE) 2016/679 z dnia 27 kwietnia 2016 r. w sprawie ochrony osób fizycznych w związku z przetwarzaniem danych osobowych i w sprawie swobodnego przepływu takich danych oraz uchylenia dyrektywy 95/46/WE (ogólne rozporządzenie o ochronie danych) w celu przeprowadzenia badań naukowych realizowanych w ramach projektu badawczego ,,Modelowanie rozumowań abdukcyjnych” oraz kontaktu ze mną w związku z moim udziałem w tych badaniach.","Każdy AS jest BASEM.Każdy BAS jest CESEM.Każdy AS jest CESEM.","Wyjaśnij swoją decyzję Eustachemu:","Jeśli zdanie ""Niektóre PURY są AWAKAMI"" jest prawdziwe, znaczy to że (wybierz jedną odpowiedź):","Zatem w prawdziwym świecie które z tych zdań są prawdziwe (możesz wybrać więcej niż jedno):","","","Jeśli zdanie ""Niektóre GABRY nie są AWAKAMI"" jest prawdziwe, znaczy to że (wybierz jedną odpowiedź):","Zatem w prawdziwym świecie które z tych zdań są prawdziwe (możesz wybrać więcej niż jedno):","","","Każde ŁUTKO jest GLARĄ.Każdy TOPEK jest ŁUTKIEM.  Niektóre TOPKI są GLARAMI.","Wyjaśnij swoją decyzję Eustachemu:","Każda WEDA jest KRALEM.Żaden KRAL nie jest CEKRĄ.        Niektóre CEKRY nie są WEDAMI.","Wyjaśnij swoją decyzję Eustachemu:","Każda FAFKA jest REWOREM.Każdy REWOR jest MUGĄ.    Niektóre FAFKI są MUGAMI.","Wyjaśnij swoją decyzję Eustachemu:","Żadna TALA nie jest MATUKIEM.Każde RUTKO jest TALĄ.                    Niektóre RUTKA nie są MATUKAMI.","Wyjaśnij swoją decyzję Eustachemu:","Każdy KUSEK jest CIAMĄ.Niektóre FODKI są KUSKAMI.Niektóre FODKI są CIAMAMI.","Wyjaśnij swoją decyzję Eustachemu:","Żadna RYFA nie jest FERĄ.Każdy BYNAK jest FERĄ.               Niektóre BYNAKI nie są RYFAMI.","Wyjaśnij swoją decyzję Eustachemu:","Płeć","","","Wiek","Kierunek studiów","Poziom studiów, trwających lub ukończonych (np. licencjackie, magisterskie itp.)","Rok studiów (jeśli trwają)","Czy uczyłaś/eś się kiedyś logiki formalnej?","","Pytania i uwagi:"
"","","","","","","","","","Zgadzam się","Response","Open-Ended Response","Response","Niektóre wróble są ptakami.","Niektóre ssaki są drapieżnikami.","Niektóre koty są jaszczurkami.","Response","Niektóre ptaki nie są jaszczurkami.","Niektóre zwierzęta lądowe nie są drapieżnikami.","Niektóre zięby nie są ptakami.","Response","Open-Ended Response","Response","Open-Ended Response","Response","Open-Ended Response","Response","Open-Ended Response","Response","Open-Ended Response","Response","Open-Ended Response","Kobieta","Mężczyzna","Wolę nie określać","Open-Ended Response","Open-Ended Response","Open-Ended Response","Open-Ended Response","tak","nie","Open-Ended Response"
"114035426578","420006389","2022-05-22 00:16:11","2022-05-22 00:29:26","85.221.129.133","","","","","Zgadzam się","prawda","Skoro as=bas, a bas=ces to as=bas=ces","Tylko niektóre PURY są AWAKAMI, a więc nie wszystkie PURY są AWAKAMI.","","Niektóre ssaki są drapieżnikami.","","Tylko niektóre GABRY nie są AWAKAMI, a więc niektóre GABRY są AWAKAMI.","","Niektóre zwierzęta lądowe nie są drapieżnikami.","","fałsz","Łutko zawsze jest glarą, ale topek nie zawsze jest glarą, więc nie wszystkie topki to łutko","nie można tego jednoznacznie stwierdzić","Nie mam podanych odpowiednich zależności","fałsz","Fafka=rewor, rewor=muga, więc  fafka=muga","nie można tego jednoznacznie stwierdzić","Nie mam podanych wystarczających zalezności","prawda","Kusek=ciama, a niektóre fotki to kuski to te same fotki,które są kuskami są też ciamami","fałsz","Jak bynak będący rybą może być ferą, skoro ryfy nie są ferami","Kobieta","","","20","Chemia aplikacyjna ","I","2","","nie",""
"114034426687","420006389","2022-05-20 08:10:56","2022-05-20 08:11:09","77.65.91.200","","","","","Zgadzam się","","","","","","","","","","","","","","","","","","","","","","","","","","","","","","","",""
"114034229988","420006389","2022-05-20 00:26:49","2022-05-20 00:27:32","83.8.172.78","","","","","Zgadzam się","","","","","","","","","","","","","","","","","","","","","","","","","","","","","","","",""
"114034093383","420006389","2022-05-19 21:07:35","2022-05-19 21:16:35","85.221.134.215","","","","","Zgadzam się","prawda","Jeśli AS to BAS, a BAS to CES, to AS również nim jest ","Tylko niektóre PURY są AWAKAMI, a więc nie wszystkie PURY są AWAKAMI.","","Niektóre ssaki są drapieżnikami.","","Tylko niektóre GABRY nie są AWAKAMI, a więc niektóre GABRY są AWAKAMI.","","Niektóre zwierzęta lądowe nie są drapieżnikami.","","nie można tego jednoznacznie stwierdzić","Łutko, topek i glara to to samo. Jeśli topek jest łutkiem, a łutko jest glarą, to topki też nimi są. Nie niektóre, ale wszystkie.","","","","","","","","","","","","","","","","","","","",""
"114034053664","420006389","2022-05-19 20:26:48","2022-05-19 20:47:43","37.8.230.32","","","","","Zgadzam się","prawda","Każdy BAS jest CESEM. Każdy AS to też BAS, więc musi być też CESEM.","Tylko niektóre PURY są AWAKAMI, a więc nie wszystkie PURY są AWAKAMI.","","Niektóre ssaki są drapieżnikami.","","Tylko niektóre GABRY nie są AWAKAMI, a więc niektóre GABRY są AWAKAMI.","","Niektóre zwierzęta lądowe nie są drapieżnikami.","","fałsz","Każdy TOPEK jest ŁUTKIEM, czyli jednocześnie też GLARĄ. Mówiąc, że niektóre TOPKI są GLARAMI sugerujemy, że istnieją od tej reguły wyjątki, na co nie wskazują dwa pierwsze zdania.","fałsz","Żadna CEKRA nie może być WEDĄ, bo byłaby wtedy KRALEM, a KRAL nie może być CEKRĄ.","fałsz","Skoro każdy REWOR jest MUGĄ, to każda FAFKA, zawsze będąca jednocześnie REWOREM, też musi być MUGĄ.","fałsz","Żadne RUTKO nie może być MATUKIEM, bo jest jednocześnie TALĄ.","prawda","Tylko niektóre FODKI, te, które są też KUSKAMI, są CIAMAMI.","fałsz","Żaden BYNAK nie może być RYFĄ, ponieważ każdy z nich jest FERĄ, a FERA nie może być RYFĄ.","","Mężczyzna","","22","japonistyka","licencjackie","3","","nie",""
"114033772233","420006389","2022-05-19 15:31:34","2022-05-19 16:15:00","85.221.151.188","","","","","Zgadzam się","prawda","BAS jest podzbiorem CAS co oznacza że wszystko co mieści się w BAS jest również w zbiorze CAS. wyobraź sobie Eustachy, że AS to kółeczko zamknięte w większym kółeczku, które nazywa się BAS i to większe kółeczko jest zamknięte w jeszcze większym kółeczku, które nazywa się CAS ","Tylko niektóre PURY są AWAKAMI, a więc nie wszystkie PURY są AWAKAMI.","","Niektóre ssaki są drapieżnikami.","","Tylko niektóre GABRY nie są AWAKAMI, a więc niektóre GABRY są AWAKAMI.","","Niektóre zwierzęta lądowe nie są drapieżnikami.","","fałsz","ponownie potraktujmy to jak zbiory (kółeczka) w matematyce,  GLARA to największy zbiór, którego podzbiorem jest ŁUTKO, z kolei podzbiorem ŁUTKA jest TOPEK, podzbiory w całości zawierają się w większym zbiorze, więc skoro TOPEK=ŁUTKO a ŁUTKO=GLARA wynika z tego że ZAWSZE TOPEK=GLARA, a słowo 'niektóre ' w zdaniu na dole, oznacza małą część a nie wszystkie TOPKI dlatego zdanie jest fałszywe","fałsz","wszystkie CEKRY nie są WEDAMI, ponieważ WEDA jest podzbiorem (małym kółeczkiem) zbioru KRAL (większe kółeczko), CEKRA natomiast jest odrębnym zbiorem, który nie łączy się z KRALEM (jest kółeczkiem dorysowanym obok), a skoro WEDA jest zamknięta w KRAL, nie ma ona dostępu do CEKRY, obwody kółek nigdy się nie przetną i żadne CEKRY nie będą WEDAMI, jak już wiesz Eustachy jeśli NIEKTÓRE objekty nie spełniają warunków to znaczy, że istnieją takie, które je spełniają a w tym wypadku, żadne ich nie spełniają","fałsz","wszystkie FAFKI są REWORAMI, gdyż FAFKA  jest podzbiorem REWORA, który jest podzbiorem  MUGI tzn. FAFKA jest najmnijmniejszym kółeczkiem (FAFKA=REWOR=MUGA) rozmawialiśmy o tym wcześniej Eustachy znak równości oznacza, że KAŻDY przedmiot spełnia warunek a nie tylko NIEKTÓRE","fałsz","wszystkie RUTKA nie są MUTKAMI, ponieważ  każda RUTKA należy do zbioru TALA, który nie łączy się ze zbiorem MUTKA","prawda","KUSEK= CIAMA, więc skoro niektóre FODKI są KUSKAMI to jednocześnie te same niektóre FODKI są też CIAMAMI","fałsz","wszystkie BYNAKI nie są RYFAMI, bo BYNEK = FERA, a FERA nie równa się RYFA","Kobieta","","","20","filologia duńska","licencjackie","2","tak","","fajnie się rozwiązywało, ale trochę się boje, że zrobiłam błędy i to ja wyjdę na głupią, a byłam taka protekcjonalna w stosunku do Eustachego, w razie co przeproście go ode mnie i nie śmiejcie się ze mnie za bardzo, proszę"
"114033682137","420006389","2022-05-19 13:17:43","2022-05-19 13:21:13","188.33.224.71","","","","","Zgadzam się","","","","","","","","","","","","","","","","","","","","","","","","","","","","","","","",""
"114033632541","420006389","2022-05-19 11:35:22","2022-05-19 11:46:55","77.252.46.191","","","","","Zgadzam się","","","","","","","","","","","","","","","","","","","","","","","","","","","","","","","",""
"114032781493","420006389","2022-05-18 13:00:53","2022-05-18 13:01:04","31.60.72.228","","","","","Zgadzam się","","","","","","","","","","","","","","","","","","","","","","","","","","","","","","","",""
"114032587047","420006389","2022-05-18 06:15:56","2022-05-18 06:16:13","172.225.38.159","","","","","Zgadzam się","","","","","","","","","","","","","","","","","","","","","","","","","","","","","","","",""
"114032194350","420006389","2022-05-17 18:42:41","2022-05-17 18:43:13","109.173.213.217","","","","","Zgadzam się","","","","","","","","","","","","","","","","","","","","","","","","","","","","","","","",""
"114032099074","420006389","2022-05-17 16:46:42","2022-05-17 17:06:45","83.20.183.185","","","","","Zgadzam się","prawda","Jeżeli AS jest BASEM, a BAS jest CESEM to każdy AS również jest CESEM skoro są sobie równe (AS=BAS=CES)","Tylko niektóre PURY są AWAKAMI, a więc nie wszystkie PURY są AWAKAMI.","","Niektóre ssaki są drapieżnikami.","","Tylko niektóre GABRY nie są AWAKAMI, a więc niektóre GABRY są AWAKAMI.","","Niektóre zwierzęta lądowe nie są drapieżnikami.","","fałsz","ŁUTKO=GLARA a TOPEK=ŁUTKO wiec każde TOPKI są GLARAMI a nie tylko niektóre ","fałsz","WEDA= KRAL a KRAL=CEKRĄ  Wiec CEKRA=WEDA i to każda (wszystko jest jak równanie matematyczne)","fałsz","FAFKA=REWOR REWOR=MUGA  wiec FAFKA=MUGA wszystkie fafki są mugami","fałsz","TALA =/ MATUK RUTKO=TALA  RUTKA=/MATUKIEM wszystkie RUTKA nie są MATUKIEM","prawda","KUSEK=CIEMA, FOTKA=KUSKA (ale nie każda) FOTKA=CIEMIA ale nie każda ","fałsz","RYFA=/FERĄ, BYNAK=FERA, niektóre BYNAKI=/FERAMi wszystkie nie sa","Kobieta","","","21","Chemia ","Licencjackie ","2","","nie","Miłego dnia ☺️"
"114032096058","420006389","2022-05-17 16:43:12","2022-05-17 17:05:16","85.221.144.65","","","","","Zgadzam się","prawda","Skoro wiemy, że każdy AS jest na pewno BASEM, to możemy traktować wszystkie ASY jako BASY -- a każdy BAS jest CESEM, więc każdy AS też jest CESEM, bo każdy AS jest BASEM.","Tylko niektóre PURY są AWAKAMI, a więc nie wszystkie PURY są AWAKAMI.","","Niektóre ssaki są drapieżnikami.","","Tylko niektóre GABRY nie są AWAKAMI, a więc niektóre GABRY są AWAKAMI.","","Niektóre zwierzęta lądowe nie są drapieżnikami.","","fałsz","TOPKI to to samo co ŁUTKA, a ŁUTKA to to samo co GLARY -- czyli TOPKI to to samo co GLARY, czyli wszystkie TOPKI są GLARAMI, czyli nie ma TOPKÓW, które NIE są GLARAMI","fałsz","WEDA i KRAL to to samo, czyli żadna WEDA nie jest CEKRĄ, czyli nie istnieją CEKRY które SĄ WEDAMI. Skoro uznaję, że ""niektóre"" oznacza ""jakieś, ale nie wszystkie"", to nie ma sensu stwierdzanie, że niektóre CEKRY nie są WEDAMI, jak żadne nie są.","fałsz","Każda FAFKA to REWOR, więc wszystkie FAFKI są MUGAMI, więc jeśli uznajemy, że ""niektóre"" oznacza ""jakieś, ale nie wszystkie"", to mamy fałsz.","fałsz","Żadne RUTKO nie jest MATUKIEM, więc jeśli zgadzamy się, że ""niektóre"" znaczy ""jakieś, ale nie wszystkie"", to ""niektóre RUTKA nie są MATUKAMI"" sugeruje że są RUTKA które SĄ MATUKAMI, ale żadne nie jest, czyli to fałsz.","prawda","Niektóre FODKI są KUSKAMI, a jak coś jest KUSKIEM to zawsze jest też CIAMĄ, więc niektóre FODKI są CIAMAMI","fałsz","Jeśli ""niektóre"" oznacza ""jakieś, ale nie wszystkie"", to ""niektóre BYNAKI nie są RYFAMI"" sugeruje, że istnieją BYNAKI, które są RYFAMI. Ale każdy BYNAK na pewno JEST FERĄ, a każda RYFA na pewno NIE jest FERĄ, więc nie może być BYNAKÓW które są RYFAMI.","","","Wolę nie określać","27","fizyka / językoznawstwo i zarządzanie informacją","doktoranckie / licencjackie","3","tak","",""
"114032102185","420006389","2022-05-17 16:50:55","2022-05-17 16:51:27","46.187.231.227","","","","","Zgadzam się","","","","","","","","","","","","","","","","","","","","","","","","","","","","","","","",""
"114031988741","420006389","2022-05-17 14:26:50","2022-05-17 14:27:06","95.108.50.183","","","","","Zgadzam się","","","","","","","","","","","","","","","","","","","","","","","","","","","","","","","",""
"114031352083","420006389","2022-05-16 19:09:31","2022-05-16 19:09:49","85.221.153.121","","","","","Zgadzam się","","","","","","","","","","","","","","","","","","","","","","","","","","","","","","","",""
"114031310347","420006389","2022-05-16 18:33:01","2022-05-16 18:33:35","104.28.129.36","","","","","Zgadzam się","","","","","","","","","","","","","","","","","","","","","","","","","","","","","","","",""
"114031299843","420006389","2022-05-16 18:24:16","2022-05-16 18:24:41","77.65.101.36","","","","","Zgadzam się","","","","","","","","","","","","","","","","","","","","","","","","","","","","","","","",""
"114031139034","420006389","2022-05-16 15:31:49","2022-05-16 15:32:00","109.173.133.214","","","","","Zgadzam się","","","","","","","","","","","","","","","","","","","","","","","","","","","","","","","",""
"114031104498","420006389","2022-05-16 14:43:03","2022-05-16 15:03:18","37.30.2.241","","","","","Zgadzam się","prawda","Każdy AS to to samo, co BAS. Zdanie że każdy BAS to CES możemy równie dobrze powiedzieć, że każdy AS to CES","Tylko niektóre PURY są AWAKAMI, a więc nie wszystkie PURY są AWAKAMI.","","Niektóre ssaki są drapieżnikami.","","Tylko niektóre GABRY nie są AWAKAMI, a więc niektóre GABRY są AWAKAMI.","","Niektóre zwierzęta lądowe nie są drapieżnikami.","","fałsz","Wszystkie topki są glarami, więc to, że tylko niektóre są, to nieprawda. Ale jeśli Ty, Eustachy, uważasz, że jak wszystkie topki to glary, to niektóre topki to glary to prawda, to dla Ciebie może być prawda.","fałsz","Żadne cekry nie są wedami, Eustachy, nie tylko niektóre!","fałsz","Każda fafka jest mugą, prawda? Nie tylko niektóra","fałsz","Żadne Rutka nie są matukami. Nie tylko niektóre.","prawda","Eustachy, kuska i ciama to nazwa na to samo. Niektóre fodki są kuskami, czyli niektóre fodki są ciamami.","fałsz","Żadne bynaki to nie ryfy, nie tylko niektóre","Kobieta","","","19","Matematyka","Licencjackie","1","","nie","Bardzo chętnie poznam wyniki badań."
"114031111300","420006389","2022-05-16 14:53:55","2022-05-16 14:54:55","188.47.17.185","","","","","Zgadzam się","","","","","","","","","","","","","","","","","","","","","","","","","","","","","","","",""
"114031101841","420006389","2022-05-16 14:38:46","2022-05-16 14:39:43","150.254.106.137","","","","","Zgadzam się","","","","","","","","","","","","","","","","","","","","","","","","","","","","","","","",""
"114031099670","420006389","2022-05-16 14:35:19","2022-05-16 14:36:07","37.47.157.231","","","","","Zgadzam się","","","","","","","","","","","","","","","","","","","","","","","","","","","","","","","",""
"114031088157","420006389","2022-05-16 14:16:21","2022-05-16 14:17:55","37.47.155.0","","","","","Zgadzam się","","","","","","","","","","","","","","","","","","","","","","","","","","","","","","","",""
"114031080599","420006389","2022-05-16 14:03:40","2022-05-16 14:04:24","188.146.138.163","","","","","Zgadzam się","","","","","","","","","","","","","","","","","","","","","","","","","","","","","","","",""
"114031078970","420006389","2022-05-16 14:00:25","2022-05-16 14:01:42","188.33.240.180","","","","","Zgadzam się","","","","","","","","","","","","","","","","","","","","","","","","","","","","","","","",""
"114031070156","420006389","2022-05-16 13:43:23","2022-05-16 13:49:45","85.221.135.129","","","","","Zgadzam się","prawda","Jeśli AS=BAS, a BAS=CES  To AS =CES","Tylko niektóre PURY są AWAKAMI, a więc nie wszystkie PURY są AWAKAMI.","","Niektóre ssaki są drapieżnikami.","","Tylko niektóre GABRY nie są AWAKAMI, a więc niektóre GABRY są AWAKAMI.","","Niektóre zwierzęta lądowe nie są drapieżnikami.","","","","","","","","","","","","","","","","","","","","","","",""
"114031071476","420006389","2022-05-16 13:46:15","2022-05-16 13:46:43","93.175.120.42","","","","","Zgadzam się","","","","","","","","","","","","","","","","","","","","","","","","","","","","","","","",""
"114026392791","420006389","2022-05-09 20:17:00","2022-05-09 20:53:39","79.191.138.56","","","","","Zgadzam się","prawda","Jeżeli AS należy do zbioru BAS, a wszystko określane jako BAS należy do zbioru rzeczy nazywanych: CES, wtedy AS również należy do CES.","Tylko niektóre PURY są AWAKAMI, a więc nie wszystkie PURY są AWAKAMI.","","Niektóre ssaki są drapieżnikami.","","Tylko niektóre GABRY nie są AWAKAMI, a więc niektóre GABRY są AWAKAMI.","","Niektóre zwierzęta lądowe nie są drapieżnikami.","","fałsz","Poprawną odpowiedziom byłoby, iż każdy TOPEK jest GLARĄ. Jest tak ponieważ każdy TOPEK jest ŁUTKIEM, a każde ŁUTKO JEST GLARĄ, więc KAŻDY TOPEK jest GLARĄ.","fałsz","Poprawnym zdaniem byłoby, iż żadne CEKRY nie WEDAMI. Jest tak ponieważ, każda WEDA jest KRALEM, natomiast żaden KRAL nie jest CEKRĄ, więc żadna WEDA, będąc KRALEM, nie może być CEKRĄ.","fałsz","Prawidłowym zdaniem byłoby, iż każda FAFKA jest MUGĄ. Jest tak ponieważ wszystkie FAFKI są REWOREM, A każdy REWOR jest MUGĄ, więc każda FAFKA jest MUGĄ.","fałsz","Prawidłowym zdaniem brzmiałoby, iż żadne RUTKO nie jest MATUKIEM. Jest tak ponieważ, każde RUTKO jest TALĄ, ale żadna TALA nie może być MATUKIEM, więc żadne RUTKO nie może być MATUKIEM.","prawda","Jest to zdanie prawdziwe, ponieważ przez to że każdy KUSEK jest CIAMĄ i niektóre FODKI są KUSKAMI, wiec przynajmniej te FODKI które są KUSKAMI, są również CIAMAMI.","fałsz","Prawidłowym zdaniem byłoby, iż żaden BYNAK nie jest RYFĄ. Jest tak ponieważ każdy BYNAK jest FERĄ, a żadna RYFA nie może być również FERĄ, wiec BYNAKI będące FERAMI nie mogą być również RYFAMI.","","Mężczyzna","","20","lekarsko-dentystyczny","jednolite magisterskie","1","","nie",""
"114026333367","420006389","2022-05-09 19:00:41","2022-05-09 19:03:09","5.173.153.126","","","","","Zgadzam się","","","","","","","","","","","","","","","","","","","","","","","","","","","","","","","",""
"114026331117","420006389","2022-05-09 18:58:00","2022-05-09 18:58:22","31.61.244.44","","","","","Zgadzam się","","","","","","","","","","","","","","","","","","","","","","","","","","","","","","","",""
"114026150872","420006389","2022-05-09 15:20:22","2022-05-09 15:20:43","37.47.212.212","","","","","Zgadzam się","","","","","","","","","","","","","","","","","","","","","","","","","","","","","","","",""
"114025805186","420006389","2022-05-08 22:21:26","2022-05-08 22:21:46","178.235.168.137","","","","","Zgadzam się","","","","","","","","","","","","","","","","","","","","","","","","","","","","","","","",""
"114025752852","420006389","2022-05-08 17:58:14","2022-05-08 17:58:25","89.70.79.192","","","","","Zgadzam się","","","","","","","","","","","","","","","","","","","","","","","","","","","","","","","",""
"114025752136","420006389","2022-05-08 17:54:46","2022-05-08 17:55:03","31.0.38.77","","","","","Zgadzam się","","","","","","","","","","","","","","","","","","","","","","","","","","","","","","","",""
"114025727764","420006389","2022-05-08 16:11:25","2022-05-08 16:26:51","94.254.230.49","","","","","Zgadzam się","prawda","Jeżeli do grupy Cesów zaliczamy wszystkie Basy, a każdy As jest Basem, to każdy As jest również Cesem","Tylko niektóre PURY są AWAKAMI, a więc nie wszystkie PURY są AWAKAMI.","","Niektóre ssaki są drapieżnikami.","","Tylko niektóre GABRY nie są AWAKAMI, a więc niektóre GABRY są AWAKAMI.","","Niektóre zwierzęta lądowe nie są drapieżnikami.","","fałsz","Jeżeli każdy Topek to Łutkiem, a każde Łutko jest Glarą, to każdy Topek, a nie tylko niektóre jest Glarą","fałsz","Jeżeli każda Weda jest Kralem, a żaden Kral nie jest Cekrem, to w takim wypadku żadna Cekra nie może być Wedą","fałsz","Jeżeli do grupy Mug zaliczamy wszystkie Rewory, a do grupy Reworów wszystkie Fafki, to każda Fafką, a nie tylko niektóre jest też Mugiem","fałsz","Jeżeli każde Rutko jest Talą, a żadna Talą nie może być Matukiem, to wówczas żadne Rutko nie może być Matukiem","prawda","Te Fodki, które są Kuskami, muszą być również Ciamami","fałsz","Jeżeli każdy Bynak jest Ferą, a żadną Ferą nie może być Ryfa, to oznacza, że żaden Bynak nie jest Ryfą","Kobieta","","","21","Lekarski","Jednolite magisterskie","2","","nie",""
"114025729888","420006389","2022-05-08 16:19:46","2022-05-08 16:21:06","83.144.121.62","","","","","Zgadzam się","","","","","","","","","","","","","","","","","","","","","","","","","","","","","","","",""
"114025729763","420006389","2022-05-08 16:19:33","2022-05-08 16:20:07","87.205.165.42","","","","","Zgadzam się","","","","","","","","","","","","","","","","","","","","","","","","","","","","","","","",""
"114025728598","420006389","2022-05-08 16:14:51","2022-05-08 16:15:28","93.105.65.34","","","","","Zgadzam się","","","","","","","","","","","","","","","","","","","","","","","","","","","","","","","",""
"114025727667","420006389","2022-05-08 16:11:05","2022-05-08 16:11:25","89.76.27.132","","","","","Zgadzam się","","","","","","","","","","","","","","","","","","","","","","","","","","","","","","","",""
"114023006673","420006389","2022-05-04 08:32:40","2022-05-04 08:53:20","185.56.211.230","","","","","Zgadzam się","prawda","Ciąg implikacji, implikacje są przechodnie, uporządkowanie rozumowania poprzez wzbogacenie języka symbolami logicznymi upraszcza rozumowanie.","Tylko niektóre PURY są AWAKAMI, a więc nie wszystkie PURY są AWAKAMI.","Niektóre wróble są ptakami.","Niektóre ssaki są drapieżnikami.","","Tylko niektóre GABRY nie są AWAKAMI, a więc niektóre GABRY są AWAKAMI.","","Niektóre zwierzęta lądowe nie są drapieżnikami.","","fałsz","ciąg implikacji, implikacje są przechodnie, ""niektóre"" mówi o podzbiorze, który nie jest całym zbiorem, jednak wszystkie TOPKI są GLARAMI","fałsz","Żadna WEDĄ nie jest CEKRĄ.   WEDY są podzbiorem KRALI, a nie istnieje KRAL, który jest jednocześnie CEKRĄ.","fałsz","FAFKI są podzbiorem REWORÓW, a REWORY są podzbiorem MUG, więc FAFKI są podzbiorem MUG (relacja zawierania jest przechodnia).  ""Niektóre"" implikuje, że istnieją FAFKI, które nie są MUGAMI ","fałsz","Nie istnieje RUTKO, które jest MATUKIEM  RUTKO jest podzbiorem TALI.  Żadna TALA nie jest MATUKIEM, więc w szczególności żadne RUTKO nie jest MATUKIEM.","prawda","Zbiór tych FODKÓW, który jest jednocześnie KUSKAMI, jest także zbiorem, gdzie wszycy są CIAMAMI. Zatem niektóre FODKI są CIAMAMI.","fałsz","Wszystkie BYNAKI nie są RYFAMI.  BYNAK jest podzbiorem FER, a nie istnieje FERA, która jest RYFĄ, zatem w szczególności nie istnieje BYNAK, który jest RYFĄ.","","Mężczyzna","","20","Matematyka, Informatyka","Licencjackie","1","tak","","Warto wspomnieć, żeby nie rysować zbiorów (kółek itp) podczas badania - niektórzy mogliby to robić, co  (chyba) mijało by się z celem badania.    Wyślijcie mi proszę paper z tego jak coś napiszecie, chętnie przeczytam: szach.bart@gmail.com"
"114021994142","420006389","2022-05-02 22:21:29","2022-05-02 22:39:48","89.64.9.108","","","","","Zgadzam się","prawda","Stwierdziłam,że jest to od siebie liniowo zależne i cechy są dziedziczone. (AS= BAS = CES) => (AS=CES)","Co najmniej niektóre PURY są AWAKAMI, a być może wszystkie PURY są AWAKAMI.","","Niektóre ssaki są drapieżnikami.","","Co najmniej niektóre GABRY nie są AWAKAMI, a być może żadna GABRA nie jest AWAKIEM.","","Niektóre zwierzęta lądowe nie są drapieżnikami.","","fałsz","Kazdy topek jest łutkiem,a kazdy łutek jest glarą. Czyli kazdy topek jest glarą. Słowo niektóre wyklucza słowo każdy. Wszystkie topki są glarami, bez wyjątku.","fałsz","Bycie wedą implikujr bycie kralem, bycie kralem oznacza niebycie cekra. Nie ma cekry, która byłaby wedą, czyli wszystkie cery nie są wedami. ","fałsz","wszystkie fafki są mugami","","","","","","","","","","","","","","","",""
"114020940101","420006389","2022-04-30 15:39:24","2022-04-30 16:15:15","83.0.104.185","","","","","Zgadzam się","prawda","Jeżeli a implikuje b i b implikuje c to a implikuje c.  W sumie to niewiadomo czy prawa logiczne zachodzą w tym świecie, ale zakładam że tak","Co najmniej niektóre PURY są AWAKAMI, a być może wszystkie PURY są AWAKAMI.","","Niektóre ssaki są drapieżnikami.","","Co najmniej niektóre GABRY nie są AWAKAMI, a być może żadna GABRA nie jest AWAKIEM.","","Niektóre zwierzęta lądowe nie są drapieżnikami.","","fałsz","Z pierwszych dwóch zdań wiemy że każdy TOPEK jest GLARĄ. A zdanie 3 sugeruje że istnieją TOPKI które nie są GLARAMI co daje nam spraeczność","fałsz","Jeżeli WEDA = KRAL to 2 i 3 zdanie są sprzeczne","prawda","Z 1 i 2 Fafka = Rewor = Muga  Więc zdanie 3 też jest prawdziwe","","","","","","","","","","","","","","","",""
"114020903899","420006389","2022-04-30 13:46:58","2022-04-30 14:15:17","188.121.15.5","","","","","Zgadzam się","prawda","Jak każdy as jest basem a każdy bas jest cesem to każdy as jest cesem","Co najmniej niektóre PURY są AWAKAMI, a być może wszystkie PURY są AWAKAMI.","Niektóre wróble są ptakami.","Niektóre ssaki są drapieżnikami.","","Co najmniej niektóre GABRY nie są AWAKAMI, a być może żadna GABRA nie jest AWAKIEM.","Niektóre ptaki nie są jaszczurkami.","Niektóre zwierzęta lądowe nie są drapieżnikami.","","prawda","Tak jak w poprzednim zadaniu skoro każdy topek jest łutkiem a każde łutko jest glarą to każdy topek jest glarą, czyli w szczególności niektóre (w praktyce wszystkie) topki są glarami ","nie można tego jednoznacznie stwierdzić","Ze zdań nad kreską można wywnioskować tylko, że żadna weda nie jest cekrą. Nie wiemy natomiast nic o relacji cekr z wedami, może być tak, że wszystkie cekry są wedami i nie przeczy to z wywnioskowanymi informacjami, a wtedy zdanie pod kreską jest fałszywe, a jak żadna cekra nie jest wedem to wtedy zdanie staje sie prawdziwe ","prawda","Każda fafka jest mugą zatem w szczególności niektóre fafki są mugami (analogia z ""niektóre wróble są ptakami"")","prawda","Skoro każde rutko jest talą, a żadna tala nie jest matukiem to żadne rutko nie jest matukiem, zatem w szczególności niektóre rutka nie są matukami","prawda","Wystarczy wskazać takiego fodka który jest kuskiem, wtedy wiemy, że jest on równocześnie ciamą (bo każdy kusek jest ciamą) ---> zdanie jest prawdziwe","nie można tego jednoznacznie stwierdzić","Wiemy tylko, że żadna ryfa nie jest ferą. Jeśli byłoby tak, że wszystkie fery są ryfami to wtedy każdy bynak byłby też ryfą i zdanie pod kreską byłoby fałszywe. Natomiast w przypadku gdy żadna fera nie byłaby ryfą, to żadny bynak nie byłby ryfą, zatem w szczególności niektóre bynaki nie byłyby ryfami = zdanie prawdziwe","","Mężczyzna","","19","ISIM","licencjackie","1","tak","",""
"114020911222","420006389","2022-04-30 14:10:06","2022-04-30 14:10:32","37.225.51.40","","","","","Zgadzam się","","","","","","","","","","","","","","","","","","","","","","","","","","","","","","","",""
"114020910609","420006389","2022-04-30 14:08:07","2022-04-30 14:08:23","31.1.55.32","","","","","Zgadzam się","","","","","","","","","","","","","","","","","","","","","","","","","","","","","","","",""
"114020899392","420006389","2022-04-30 13:32:41","2022-04-30 14:02:14","5.173.240.202","","","","","Zgadzam się","prawda","Gdyby pewien AS nie był CESEM, to jednocześnie byłby BASEM i nie byłby CESEM, co jest sprzeczne, ponieważ każdy BAS jest CESEM","Co najmniej niektóre PURY są AWAKAMI, a być może wszystkie PURY są AWAKAMI.","Niektóre wróble są ptakami.","Niektóre ssaki są drapieżnikami.","","Co najmniej niektóre GABRY nie są AWAKAMI, a być może żadna GABRA nie jest AWAKIEM.","Niektóre ptaki nie są jaszczurkami.","Niektóre zwierzęta lądowe nie są drapieżnikami.","","prawda","Skoro każdy topek jest łutkiem i każdy łutek jest glara, w szczególności każdy topek jest glarą, a więc niektóre topki są glarami, tzn. istnieje taki topek, który jest glarą","","","","","","","","","","","","","","","","","","","",""
"114020901089","420006389","2022-04-30 13:38:10","2022-04-30 13:38:25","83.30.205.40","","","","","Zgadzam się","","","","","","","","","","","","","","","","","","","","","","","","","","","","","","","",""
"114020888949","420006389","2022-04-30 12:57:39","2022-04-30 13:05:03","37.30.21.50","","","","","Zgadzam się","prawda","Wynika to z przechodniosci.","Tylko niektóre PURY są AWAKAMI, a więc nie wszystkie PURY są AWAKAMI.","","Niektóre ssaki są drapieżnikami.","","Tylko niektóre GABRY nie są AWAKAMI, a więc niektóre GABRY są AWAKAMI.","","Niektóre zwierzęta lądowe nie są drapieżnikami.","","fałsz","Wszystkie topki są glarami","fałsz","Wszystkie Cekry nie są wedami","fałsz","Wszystkie są","","","","","","","","","","","","","","","",""
"114016140009","420006389","2022-04-23 18:23:38","2022-04-23 18:59:11","89.64.108.202","","","","","Zgadzam się","prawda","skoro każdy BAS jest CESEM, a każdy AS jest BASEM to każdy AS musi być CESEM","Tylko niektóre PURY są AWAKAMI, a więc nie wszystkie PURY są AWAKAMI.","","Niektóre ssaki są drapieżnikami.","","Tylko niektóre GABRY nie są AWAKAMI, a więc niektóre GABRY są AWAKAMI.","","Niektóre zwierzęta lądowe nie są drapieżnikami.","","fałsz","skoro każdy TOPEK jest ŁUTKIEM, a każde ŁUTKO JEST GLARĄ, to wszystkie TOPKI SĄ GLARAMI","prawda","Część WEDY nie może być CEKRĄ, ponieważ jest KRALEM. A żaden KRAL nie jest CEKRĄ. ","fałsz","Wszystkie FAFKI są MUGAMI, ponieważ każda FAFKA jest REWOREM, a każdy REWOR jest MUGĄ. Stąd nie ma FAFKI która nie jest MUGĄ.","fałsz","Każde RUTKO nie jest MATUKIEM, ponieważ każde RUTKO jest TALĄ, a każda TALA nie jest MATUKIEM.","prawda","Te FODKI które są KUSKAMI, będą CIAMĄ, ponieważ każdy KUSEK jest CIAMĄ i stąd jest to zdanie prawdziwe","fałsz","Każdy BYNAK jest FERĄ, a każda FERA nie będzie RYFĄ, stąd ŻADEN BYNAK nie jest RYFĄ.","Kobieta","","","23","lekarsko-dentystyczny","jednolite magisterskie","4","","nie",""
"114015998233","420006389","2022-04-23 07:48:15","2022-04-23 07:48:37","89.64.111.55","","","","","Zgadzam się","","","","","","","","","","","","","","","","","","","","","","","","","","","","","","","",""
"114015421134","420006389","2022-04-22 09:58:06","2022-04-22 10:23:29","37.47.114.59","","","","","Zgadzam się","prawda","Skoro Bas jest asem i Bas jest cesem, to as musi być cesem.","Tylko niektóre PURY są AWAKAMI, a więc nie wszystkie PURY są AWAKAMI.","","Niektóre ssaki są drapieżnikami.","","Tylko niektóre GABRY nie są AWAKAMI, a więc niektóre GABRY są AWAKAMI.","","Niektóre zwierzęta lądowe nie są drapieżnikami.","","fałsz","Wszystkie topki są Glarami","fałsz","Żadna cekra nie będzie wedą ","fałsz","Wszystkie fafki są mugami","fałsz","Żadne Rutko nie będzie matukiem","prawda","Kuski = Ciamy","nie można tego jednoznacznie stwierdzić","Moe znamy korelacji bynaka i ryfy","","Mężczyzna","","24","Lekarski","Lekarskie","4","","nie",""
"114014999129","420006389","2022-04-21 18:18:25","2022-04-21 18:47:46","89.64.112.44","","","","","Zgadzam się","prawda","Skoro AS = zarówno BAS jak i CES to w takim razie BAS musi równać się CES","Tylko niektóre PURY są AWAKAMI, a więc nie wszystkie PURY są AWAKAMI.","","Niektóre ssaki są drapieżnikami.","","Tylko niektóre GABRY nie są AWAKAMI, a więc niektóre GABRY są AWAKAMI.","","Niektóre zwierzęta lądowe nie są drapieżnikami.","","fałsz","Jest to fałsz, ponieważ skoro każdy TOPEK jest ŁUTKIEM, a ŁUTKO jest GLARĄ to stąd wynika, że każdy TOPEK to też GLARA, a nie tylko niektóre.","fałsz","Skoro zawsze WEDA to to samo co KRAL oraz nigdy nie możemy powiedzieć, że KRAL to CEKRA, a tym samym, że KRAL to WEDA to z tego wynika, że nie niektóre CEKRY nie są WEDAMI, tylko wszystkie.","fałsz","Skoro mówimy, że FAFKA to też REWOR zawsze oraz, że REWOR jest MUGĄ zawsze, to wszystkie FAFKI są MUGAMI, a nie tylko niektóre.","fałsz","Skoro RUTKO jest też TALĄ zawsze, a TALA nigdy nie jest MATUKIEM, to każde RUTKO nie będzie też MATUKIEM, a nie tylko niektóre.","prawda","Skoro KUSEK to zawsze CIAMA to niektóre FODKI mogą należeć zarówno do KUSEK jak i do CIAM. ","fałsz","Skoro BYNAK to zawsze FERA, a FERĄ nigdy nie jest RYFA, to wszystkie BYNAKI nie są RYFAMI, a nie tylko niektóre.","Kobieta","","","23","lekarsko-dentystyczny","magisterskie","4","","nie","Bardzo interesujące badanie, jestem ciekawa wyników i czy wpisałam się w jakiś schemat, dziękuję za zaproszenie! :)"
"114011437629","420006389","2022-04-14 17:06:03","2022-04-14 18:16:26","46.205.211.58","","","","","Zgadzam się","prawda","Zacznijmy od zdania „Każdy BAS jest CESEM”. Narysujmy koło i umówmy się, że to koło przedstawia wszystkie CESY. Skoro każdy BAS jest CESEM, to we wnętrzu koła CESÓW narysujmy drugie koło - to koło BASÓW. Przejdźmy do drugiego zdania: „Każdy AS jest BASEM”. We wnętrzu koła BASÓW narysujmy zatem koło - to koło ASÓW. Teraz przyjrzyjmy się naszemu rysunkowi. Powinniśmy otrzymać koło CESÓW, w które wrysowane jest koło BASÓW, w które z kolei wrysowane jest koło ASÓW. Teraz można zauważyć, że koło ASÓW zawiera się nie tylko w kole BASÓW, ale znajduje się przecież i we wnętrzu koła CESÓW. Stąd każdy AS jest CESEM.","Tylko niektóre PURY są AWAKAMI, a więc nie wszystkie PURY są AWAKAMI.","","Niektóre ssaki są drapieżnikami.","","Tylko niektóre GABRY nie są AWAKAMI, a więc niektóre GABRY są AWAKAMI.","","Niektóre zwierzęta lądowe nie są drapieżnikami.","","fałsz","Przedstawmy pierwsze zdanie w formie rysunku. Narysujmy koło, które przedstawia zbiór wszystkich GLAR. Ponieważ każde ŁUTKO jest GLARĄ, narysujmy kolejne koło - tym razem przedstawiające zbiór wszystkich ŁUTEK i umieśćmy je wewnątrz koła GLAR. Teraz drugie zdanie. Ponieważ każdy TOPEK jest ŁUTKIEM, to koło przedstawiające zbiór TOPKÓW umieśmy wewnątrz koła ŁUTEK. Otrzymujemy rysunek, w którym: w koło GLAR wpisane jest koło ŁUTEK, a w koło ŁUTEK wpisane jest koło TOPKÓW. Spoglądając na rysunek, widzimy, że zbiór wszystkich TOPKÓW zawiera się całkowicie nie tylko w zbiorze ŁUTEK, ale i w zbiorze GLAR. Stąd zdanie NIEKTÓRE TOPKI są GLARAMI jest fałszywe, gdyż jak wynika z rysunku WSZYSTKIE TOPKI są GLARAMI.","nie można tego jednoznacznie stwierdzić","Przedstawiamy pierwsze zdanie w postaci rysunku. Rysujemy koło przedstawiające zbiór wszystkich KRALI. Ponieważ każda WEDA jest KRALEM, to koło przedstawiające zbiór wszystkich WED umieszczamy w środku koła KRALI. Teraz drugie zdanie. Mamy tutaj wiele przypadków do rozważenia. Bo jeśli żaden KRAL nie jest CEKRĄ, to koło ilustrujące zbiór CEKR można umieścić a) obok koła KRALI, b) wewnątrz koła KRALI, ale nie WED c) wewnątrz koła WED + w b) i c) koła mogą zawierać się całkowicie lub tylko częściowo w kołach KRALI czy WED. Stąd nie jesteśmy w stanie jednoznacznie stwierdzić czy zdanie „Niektóre CEKRY nie są WEDAMI” jest prawdziwe bo w przypadku a) byłoby fałszywe,  b) fałszywe, c) fałszywe, jeśli koło CEKR całkowicie zawierałoby się w kole WED lub prawdziwe, jeśli zawierałoby się tylko częściowo.","fałsz","Rysujemy tak jak we wszystkich poprzednich przykładach (czyli korzystając z kół jako ilustracji zbiorów FAFEK, REWORÓW oraz MUG) i otrzymujemy: koło MUG, w które wpisane jest koło REWORÓW, w które wpisane jest koło FAFEK. Widzimy, że z rysunku wynika, że WSZYSTKIE FAFKI są MUGAMI, zatem zdanie „niektóre FAFKI są MUGAMI” jest nieprawdziwe.","nie można tego jednoznacznie stwierdzić","Wrysowujemy koło RUTEK w koło TAL. Natomiast nie wiemy na pewno, gdzie umieścić koło MATUK. Możemy je umieścić a) obok koła TAL, b) we wnętrzu koła TAL, tak że koło MATUK obejmie koło RUTEK, c) we wnętrzu koła TAL, obok koła RUTEK, d) we wnętrzu koła RUTEK. Zawieranie się kół w sobie może być całkowite lub częściowe i tak nie da się jednoznacznie stwierdzić, czy zdanie „Niektóre RUTKA są MATUKAMI”, bo w a) to zdanie jest fałszywe, b)","nie można tego jednoznacznie stwierdzić","a","nie można tego jednoznacznie stwierdzić","a","","","","","","","","","",""
"114011224992","420006389","2022-04-14 07:43:29","2022-04-14 07:44:06","83.24.46.3","","","","","Zgadzam się","","","","","","","","","","","","","","","","","","","","","","","","","","","","","","","",""
"114011070998","420006389","2022-04-13 23:48:40","2022-04-13 23:48:51","79.184.129.141","","","","","Zgadzam się","","","","","","","","","","","","","","","","","","","","","","","","","","","","","","","",""
"114011070046","420006389","2022-04-13 23:46:28","2022-04-13 23:46:47","89.64.74.187","","","","","Zgadzam się","","","","","","","","","","","","","","","","","","","","","","","","","","","","","","","",""
"114011064600","420006389","2022-04-13 23:34:06","2022-04-13 23:34:55","93.174.30.49","","","","","Zgadzam się","","","","","","","","","","","","","","","","","","","","","","","","","","","","","","","",""
"114009420237","420006389","2022-04-11 13:09:47","2022-04-11 13:10:26","5.173.97.55","","","","","Zgadzam się","","","","","","","","","","","","","","","","","","","","","","","","","","","","","","","",""
"114007067866","420006389","2022-04-06 14:18:48","2022-04-06 14:19:42","37.30.18.205","","","","","Zgadzam się","","","","","","","","","","","","","","","","","","","","","","","","","","","","","","","",""
"114006615464","420006389","2022-04-05 21:35:32","2022-04-05 22:31:12","89.64.11.168","","","","","Zgadzam się","nie można tego jednoznacznie stwierdzić","Stwierdzenie jest fałszywe:  jeśli założymy, że AS to cyfra 1; BAS to ""liczba nieparzysta"" a CES to cyfra 3, to otrzymamy sprzeczność w stwierdzeniu pod kreską.  Stwierdzenie prawdziwe:  jeśli założymy że AS to element zbioru liczb naturalnych, BAS to element zbioru liczb całkowitych, a CES to element zbioru liczb rzeczywistych, to stwierdzenie pod kreską będzie zdaniem prawdziwym.   Więc nie można jednoznacznie stwierdzić czy zdanie jest prawdziwe czy fałszywe.","Tylko niektóre PURY są AWAKAMI, a więc nie wszystkie PURY są AWAKAMI.","","Niektóre ssaki są drapieżnikami.","","Tylko niektóre GABRY nie są AWAKAMI, a więc niektóre GABRY są AWAKAMI.","","Niektóre zwierzęta lądowe nie są drapieżnikami.","","fałsz","Jeśli każdy element zbioru TOPEK należy do zbioru ŁUTKO, a każdy element zbioru ŁUTKO nalezy do zbioru GLARA to każdy element zbioru TOPEK musi należeć do zbioru GLARA a nie tylko niektóre","fałsz","Jeśli każdy element zbioru WEDA należy do zbioru KRAL, ale żaden element zbioru KRAL nie należy do zbioru CEKRA to żaden element zbioru CEKRA nie może należeć do zbioru WEDA a nie tylko niektóre","fałsz","Jeśli każdy element zbioru FAFKA należy do zbioru REWOR a każdy element zbioru REWOR należy do zbioru MUGA to każdy element zbioru FAFKA należy do zbioru MUGA a nie tylko niektóre","fałsz","Jeśli każdy element zbioru RUTKO należy do zbioru TALA ale żaden element zbioru TALA nie należy do zbioru MATUK to żaden element zbioru RUTKA nie należy do zbioru MATUK a nie tylko niektóre","prawda","jeśli niektóre elementy zbioru FODKI należą do zbioru KUSEK, a każdy element zboru KUSEK należy do zbioru CIAMA to niektóre element zbioru FODKI należą do zbioru CIAMA","fałsz","jeśli każdy elemnent zbioru BYNAK należy do zbioru FERA, a żaden element ze zbioru RYFA nie nalezy do zbioru FERA to, żaden element ze zbioru BYNAK nie należy do zbioru RYFA a nie tylko niektóre","Kobieta","","","20","psychologia","jednolite magisterskie","2","","nie",""
"114006614701","420006389","2022-04-05 21:35:23","2022-04-05 21:35:58","31.0.88.81","","","","","Zgadzam się","","","","","","","","","","","","","","","","","","","","","","","","","","","","","","","",""
"114001522811","420006389","2022-03-24 21:21:35","2022-03-29 22:55:18","85.221.132.12","","","","","Zgadzam się","nie można tego jednoznacznie stwierdzić",".","Co najwyżej niektóre PURY są AWAKAMI, a więc być może żadna PURA nie jest AWAKIEM.","Niektóre wróble są ptakami.","","","Co najwyżej niektóre GABRY nie są AWAKAMI, a więc być może wszystkie GABRY są AWAKAMI.","","","Niektóre zięby nie są ptakami.","nie można tego jednoznacznie stwierdzić",".","nie można tego jednoznacznie stwierdzić",".","nie można tego jednoznacznie stwierdzić",".","nie można tego jednoznacznie stwierdzić",".","nie można tego jednoznacznie stwierdzić",".","nie można tego jednoznacznie stwierdzić",".","","","","","","","","","",""
"114002110153","420006389","2022-03-26 13:51:40","2022-03-26 13:51:55","37.47.132.122","","","","","Zgadzam się","","","","","","","","","","","","","","","","","","","","","","","","","","","","","","","",""
"114001532143","420006389","2022-03-24 21:45:20","2022-03-24 21:45:51","83.8.28.192","","","","","Zgadzam się","fałsz","[pi;","","","","","","","","","","","","","","","","","","","","","","","","","","","","","",""
"114001496302","420006389","2022-03-24 20:22:06","2022-03-24 20:25:49","188.47.106.136","","","","","Zgadzam się","fałsz","h","Co najmniej niektóre PURY są AWAKAMI, a być może wszystkie PURY są AWAKAMI.","Niektóre wróble są ptakami.","","","Tylko niektóre GABRY nie są AWAKAMI, a więc niektóre GABRY są AWAKAMI.","","Niektóre zwierzęta lądowe nie są drapieżnikami.","","fałsz","h","nie można tego jednoznacznie stwierdzić","j","fałsz","j","nie można tego jednoznacznie stwierdzić",",","prawda","fg","nie można tego jednoznacznie stwierdzić","mnv","","Mężczyzna","","34","","","","","nie",""
